1,./system/aligned-images/Airianee Tanyag/955bb6d4440fc3c3.jpg
1,./system/aligned-images/Airianee Tanyag/8bbdd04ee24d2993.jpg
1,./system/aligned-images/Airianee Tanyag/01177ad646e5897b.jpg
1,./system/aligned-images/Airianee Tanyag/81173a7266c74bd9.jpg
1,./system/aligned-images/Airianee Tanyag/8badd054e6492bcb.jpg
1,./system/aligned-images/Airianee Tanyag/01177af66ae59931.jpg
1,./system/aligned-images/Airianee Tanyag/03177ac666e59939.jpg
1,./system/aligned-images/Airianee Tanyag/a91ff48246c3e969.jpg
1,./system/aligned-images/Airianee Tanyag/211778d66ee58969.jpg
1,./system/aligned-images/Airianee Tanyag/11177af64ea19969.jpg
1,./system/aligned-images/Airianee Tanyag/89b75ae406e98979.jpg
1,./system/aligned-images/Airianee Tanyag/01377ad646cd1b4b.jpg
1,./system/aligned-images/Airianee Tanyag/b1b51a1646ad2b6d.jpg
1,./system/aligned-images/Airianee Tanyag/81177af642e5193b.jpg
1,./system/aligned-images/Airianee Tanyag/21177ae646e58b39.jpg
1,./system/aligned-images/Airianee Tanyag/01173af6cee58939.jpg
1,./system/aligned-images/Airianee Tanyag/09b77ee606698969.jpg
1,./system/aligned-images/Airianee Tanyag/811778d666c5cb59.jpg
1,./system/aligned-images/Airianee Tanyag/03277ed206cba93b.jpg
1,./system/aligned-images/Airianee Tanyag/291778f646c39969.jpg
1,./system/aligned-images/Airianee Tanyag/a9b77ad442c50b69.jpg
1,./system/aligned-images/Airianee Tanyag/21033e76eea59939.jpg
1,./system/aligned-images/Airianee Tanyag/0197f856e6c5cb49.jpg
1,./system/aligned-images/Airianee Tanyag/01977ae646e58979.jpg
1,./system/aligned-images/Airianee Tanyag/01173ef66ce58939.jpg
1,./system/aligned-images/Airianee Tanyag/7df1060ee6c5a931.jpg
1,./system/aligned-images/Airianee Tanyag/89957ef242e98b19.jpg
1,./system/aligned-images/Airianee Tanyag/8137381266cfcb9b.jpg
1,./system/aligned-images/Airianee Tanyag/09b77ee606698971.jpg
1,./system/aligned-images/Airianee Tanyag/01377ec642e58b3b.jpg
1,./system/aligned-images/Airianee Tanyag/21177ae646e5893b.jpg
1,./system/aligned-images/Airianee Tanyag/21177ae642ed9939.jpg
1,./system/aligned-images/Airianee Tanyag/21177af64ee18939.jpg
1,./system/aligned-images/Airianee Tanyag/21177ad66ee70919.jpg
1,./system/aligned-images/Airianee Tanyag/a1177ad666870979.jpg
1,./system/aligned-images/Airianee Tanyag/89b75ae646c98959.jpg
1,./system/aligned-images/Airianee Tanyag/09b772c646e5195b.jpg
1,./system/aligned-images/Airianee Tanyag/57b9b4d4460f6193.jpg
1,./system/aligned-images/Airianee Tanyag/3d3ff0d466c90343.jpg
1,./system/aligned-images/Airianee Tanyag/a9bf5036e24d4399.jpg
1,./system/aligned-images/Airianee Tanyag/21157af642ed193b.jpg
1,./system/aligned-images/Airianee Tanyag/211778d66e838b6b.jpg
1,./system/aligned-images/Airianee Tanyag/abbd5054c64f43c9.jpg
1,./system/aligned-images/Airianee Tanyag/23177ac64ee50b63.jpg
1,./system/aligned-images/Airianee Tanyag/811738b6e6cf4bc1.jpg
1,./system/aligned-images/Airianee Tanyag/21177ad666c70b69.jpg
1,./system/aligned-images/Airianee Tanyag/0bbfd054c64d239b.jpg
1,./system/aligned-images/Airianee Tanyag/89b55646c64929fb.jpg
1,./system/aligned-images/Airianee Tanyag/011778d66ec38b6b.jpg
1,./system/aligned-images/Airianee Tanyag/95cb92d4460f6b99.jpg
1,./system/aligned-images/Airianee Tanyag/0117fa5e6489cb6b.jpg
1,./system/aligned-images/Airianee Tanyag/81973af646a59939.jpg
2,./system/aligned-images/benji-lewis/benji-lewis-0.png
3,./system/aligned-images/brandon-joffe/brandon-joffe-27.png
3,./system/aligned-images/brandon-joffe/brandon-joffe-31.png
3,./system/aligned-images/brandon-joffe/brandon-6.png
3,./system/aligned-images/brandon-joffe/brandon-joffe-37.png
3,./system/aligned-images/brandon-joffe/brandon-7.png
3,./system/aligned-images/brandon-joffe/brandon-joffe-23.png
3,./system/aligned-images/brandon-joffe/brandon-joffe-40.png
3,./system/aligned-images/brandon-joffe/brandon-joffe-35.png
3,./system/aligned-images/brandon-joffe/brandon-joffe-36.png
3,./system/aligned-images/brandon-joffe/brandon-2.png
3,./system/aligned-images/brandon-joffe/brandon-10.png
3,./system/aligned-images/brandon-joffe/brandon-joffe-44.png
3,./system/aligned-images/brandon-joffe/brandon-joffe-26.png
3,./system/aligned-images/brandon-joffe/brandon-joffe-42.png
3,./system/aligned-images/brandon-joffe/brandon-joffe-30.png
3,./system/aligned-images/brandon-joffe/brandon-joffe-33.png
3,./system/aligned-images/brandon-joffe/brandon-joffe-24.png
3,./system/aligned-images/brandon-joffe/brandon-joffe-45.png
3,./system/aligned-images/brandon-joffe/brandon-joffe-38.png
3,./system/aligned-images/brandon-joffe/brandon-joffe-46.png
3,./system/aligned-images/brandon-joffe/brandon-joffe-51.png
3,./system/aligned-images/brandon-joffe/brandon-8.png
3,./system/aligned-images/brandon-joffe/brandon-joffe-49.png
3,./system/aligned-images/brandon-joffe/brandon-joffe-29.png
3,./system/aligned-images/brandon-joffe/brandon-joffe-15.png
3,./system/aligned-images/brandon-joffe/brandon-joffe-48.png
3,./system/aligned-images/brandon-joffe/brandon-joffe-12.png
3,./system/aligned-images/brandon-joffe/brandon-joffe-39.png
3,./system/aligned-images/brandon-joffe/brandon-joffe-18.png
3,./system/aligned-images/brandon-joffe/brandon-joffe-34.png
3,./system/aligned-images/brandon-joffe/brandon-joffe-53.png
3,./system/aligned-images/brandon-joffe/brandon-4.png
3,./system/aligned-images/brandon-joffe/brandon-joffe-11.png
3,./system/aligned-images/brandon-joffe/brandon-joffe-52.png
3,./system/aligned-images/brandon-joffe/brandon-joffe-32.png
3,./system/aligned-images/brandon-joffe/brandon-joffe-22.png
3,./system/aligned-images/brandon-joffe/brandon-joffe-17.png
3,./system/aligned-images/brandon-joffe/brandon-joffe-50.png
3,./system/aligned-images/brandon-joffe/brandon-joffe-21.png
3,./system/aligned-images/brandon-joffe/brandon-joffe-54.png
3,./system/aligned-images/brandon-joffe/brandon-5.png
3,./system/aligned-images/brandon-joffe/brandon-joffe-41.png
3,./system/aligned-images/brandon-joffe/brandon-joffe-16.png
3,./system/aligned-images/brandon-joffe/brandon-1.png
3,./system/aligned-images/brandon-joffe/brandon-joffe-20.png
3,./system/aligned-images/brandon-joffe/brandon-joffe-47.png
3,./system/aligned-images/brandon-joffe/brandon-joffe-25.png
3,./system/aligned-images/brandon-joffe/brandon-joffe-13.png
3,./system/aligned-images/brandon-joffe/brandon-joffe-28.png
3,./system/aligned-images/brandon-joffe/brandon-joffe-19.png
3,./system/aligned-images/brandon-joffe/brandon-9.png
3,./system/aligned-images/brandon-joffe/brandon-joffe-14.png
3,./system/aligned-images/brandon-joffe/brandon-joffe-43.png
3,./system/aligned-images/brandon-joffe/brandon-3.png
4,./system/aligned-images/Clifford Gutierrez/212bba54eaf7a311.jpg
4,./system/aligned-images/Clifford Gutierrez/212b3054eaefa35b.jpg
4,./system/aligned-images/Clifford Gutierrez/21a33af0ae6bb361.jpg
4,./system/aligned-images/Clifford Gutierrez/a99310999c6ee33b.jpg
4,./system/aligned-images/Clifford Gutierrez/8592986ec28bbb9b.jpg
4,./system/aligned-images/Clifford Gutierrez/232b5054eee58b67.jpg
4,./system/aligned-images/Clifford Gutierrez/81abbad46ab11bb1.jpg
4,./system/aligned-images/Clifford Gutierrez/a13b32e46fe3b111.jpg
4,./system/aligned-images/Clifford Gutierrez/81ab307ec4e6eb89.jpg
4,./system/aligned-images/Clifford Gutierrez/81ab107eeec411fb.jpg
4,./system/aligned-images/Clifford Gutierrez/81bbba04f82b83f9.jpg
4,./system/aligned-images/Clifford Gutierrez/21bb3efc4329b131.jpg
4,./system/aligned-images/Clifford Gutierrez/a1ab3066efea9119.jpg
4,./system/aligned-images/Clifford Gutierrez/21bb3850eaefa361.jpg
4,./system/aligned-images/Clifford Gutierrez/21133ef4eeae9131.jpg
4,./system/aligned-images/Clifford Gutierrez/21ab3ee4eaebb101.jpg
4,./system/aligned-images/Clifford Gutierrez/81abba50eeeba311.jpg
4,./system/aligned-images/Clifford Gutierrez/21bb10e6eee6834b.jpg
4,./system/aligned-images/Clifford Gutierrez/81ab1076eec611fb.jpg
4,./system/aligned-images/Clifford Gutierrez/81ab14eeee4411fb.jpg
4,./system/aligned-images/Clifford Gutierrez/21ab30c4eafbb159.jpg
4,./system/aligned-images/Clifford Gutierrez/11a7aad056eba32b.jpg
4,./system/aligned-images/Clifford Gutierrez/e12bfefc0a413171.jpg
4,./system/aligned-images/Clifford Gutierrez/81ab107eee86bb19.jpg
4,./system/aligned-images/Clifford Gutierrez/21abb054eaefa343.jpg
4,./system/aligned-images/Clifford Gutierrez/a1b33ee4c8a1b13b.jpg
4,./system/aligned-images/Clifford Gutierrez/21bb3ee46aee9111.jpg
4,./system/aligned-images/Clifford Gutierrez/81bbbed46a033179.jpg
4,./system/aligned-images/Clifford Gutierrez/211f70926eef816b.jpg
4,./system/aligned-images/Clifford Gutierrez/232b70d66ee78163.jpg
4,./system/aligned-images/Clifford Gutierrez/81ab1456eee411fb.jpg
4,./system/aligned-images/Clifford Gutierrez/21bb3efc4a23b131.jpg
4,./system/aligned-images/Clifford Gutierrez/21abb054aaebe16b.jpg
4,./system/aligned-images/Clifford Gutierrez/21abb054eaefa351.jpg
4,./system/aligned-images/Clifford Gutierrez/21ab3250eeebb351.jpg
4,./system/aligned-images/Clifford Gutierrez/8d8bbe40ef00bbd1.jpg
4,./system/aligned-images/Clifford Gutierrez/89c638deca8b99a3.jpg
4,./system/aligned-images/Clifford Gutierrez/850bb8b452a9bbb9.jpg
4,./system/aligned-images/Clifford Gutierrez/21bb3ae64ee2b131.jpg
4,./system/aligned-images/Clifford Gutierrez/21bbba78a22ba369.jpg
4,./system/aligned-images/Clifford Gutierrez/212bb054eee7a353.jpg
4,./system/aligned-images/Clifford Gutierrez/01ab7054eee59373.jpg
4,./system/aligned-images/Clifford Gutierrez/21ab1046eee7a35b.jpg
4,./system/aligned-images/Clifford Gutierrez/212b3e7ee303b331.jpg
4,./system/aligned-images/Clifford Gutierrez/898bb834c02bbbeb.jpg
4,./system/aligned-images/Clifford Gutierrez/212bba50aeefa361.jpg
4,./system/aligned-images/Clifford Gutierrez/21af78d07ee39161.jpg
4,./system/aligned-images/Clifford Gutierrez/a1ab3254ea7bb311.jpg
4,./system/aligned-images/Clifford Gutierrez/a1bb38e6ee84113b.jpg
4,./system/aligned-images/Clifford Gutierrez/15f1aad25543abe1.jpg
5,./system/aligned-images/Danica Villanueva/8d81b87ec667a741.jpg
5,./system/aligned-images/Danica Villanueva/9901f89e6ce78363.jpg
5,./system/aligned-images/Danica Villanueva/81abb874c60fa3cb.jpg
5,./system/aligned-images/Danica Villanueva/1d7068dec4953769.jpg
5,./system/aligned-images/Danica Villanueva/81abb07cce0727d3.jpg
5,./system/aligned-images/Danica Villanueva/a901fa9e7ca4836b.jpg
5,./system/aligned-images/Danica Villanueva/0bbbb0109f0ee7a3.jpg
5,./system/aligned-images/Danica Villanueva/81b57e745e618b49.jpg
5,./system/aligned-images/Danica Villanueva/95abf854764323c9.jpg
5,./system/aligned-images/Danica Villanueva/8dbbb86ce0434bc3.jpg
5,./system/aligned-images/Danica Villanueva/01133af66ee78749.jpg
5,./system/aligned-images/Danica Villanueva/81bbb07ce24727c9.jpg
5,./system/aligned-images/Danica Villanueva/81bbb85666e30f49.jpg
5,./system/aligned-images/Danica Villanueva/81abb05cd60fa7c3.jpg
5,./system/aligned-images/Danica Villanueva/95b23e405e8bc96b.jpg
5,./system/aligned-images/Danica Villanueva/bf8010fe6ee98169.jpg
5,./system/aligned-images/Danica Villanueva/959136e4eea52b49.jpg
5,./system/aligned-images/Danica Villanueva/81a3707eeced814b.jpg
5,./system/aligned-images/Danica Villanueva/81bbb45666e30f49.jpg
5,./system/aligned-images/Danica Villanueva/8dbbb85e444327c3.jpg
5,./system/aligned-images/Danica Villanueva/81abb07cc80fe7c3.jpg
5,./system/aligned-images/Danica Villanueva/1fb110fe4ee58961.jpg
5,./system/aligned-images/Danica Villanueva/61133e7eec858d49.jpg
5,./system/aligned-images/Danica Villanueva/c11fe25e6e85096d.jpg
5,./system/aligned-images/Danica Villanueva/01a938fe6ee78163.jpg
5,./system/aligned-images/Danica Villanueva/31311e7ecc8d6969.jpg
5,./system/aligned-images/Danica Villanueva/81a3b0face86c3e3.jpg
5,./system/aligned-images/Danica Villanueva/85a3f856f641274b.jpg
5,./system/aligned-images/Danica Villanueva/81abb81ef645a34b.jpg
5,./system/aligned-images/Danica Villanueva/81b3b8fe4c8683e9.jpg
5,./system/aligned-images/Danica Villanueva/81157edc4ee18b69.jpg
5,./system/aligned-images/Danica Villanueva/61333e7eec858549.jpg
5,./system/aligned-images/Danica Villanueva/61111e76ce87e969.jpg
5,./system/aligned-images/Danica Villanueva/81b17e545e61af49.jpg
5,./system/aligned-images/Danica Villanueva/812bf054fc67a3c9.jpg
5,./system/aligned-images/Danica Villanueva/91b17e445ee18b69.jpg
5,./system/aligned-images/Danica Villanueva/81b93e74c6698759.jpg
5,./system/aligned-images/Danica Villanueva/29037ed64ec1c769.jpg
5,./system/aligned-images/Danica Villanueva/91a3f834f647a349.jpg
5,./system/aligned-images/Danica Villanueva/95927fb2423b434d.jpg
5,./system/aligned-images/Danica Villanueva/9d9af83454072bcb.jpg
5,./system/aligned-images/Danica Villanueva/89b568be7445b349.jpg
5,./system/aligned-images/Danica Villanueva/0fb110fe4e678969.jpg
5,./system/aligned-images/Danica Villanueva/bf8010fe6ee9814b.jpg
5,./system/aligned-images/Danica Villanueva/01b17ed47e618b69.jpg
5,./system/aligned-images/Danica Villanueva/81b3385e7641af69.jpg
5,./system/aligned-images/Danica Villanueva/1d71a85ec6951769.jpg
5,./system/aligned-images/Danica Villanueva/bd01f85e74e18363.jpg
5,./system/aligned-images/Danica Villanueva/012f78947ee78369.jpg
5,./system/aligned-images/Danica Villanueva/011ffef4c6290759.jpg
5,./system/aligned-images/Danica Villanueva/8117785e6ce58b63.jpg
5,./system/aligned-images/Danica Villanueva/81abb074f6c73349.jpg
5,./system/aligned-images/Danica Villanueva/8d9b98f4c4432be3.jpg
6,./system/aligned-images/Dave/57aa0a54aa3b5357.jpg
6,./system/aligned-images/Dave/57ab2a95553aa5c2.jpg
6,./system/aligned-images/Dave/7b0f0098bf91e0b7.jpg
6,./system/aligned-images/Dave/570baadd15aa37c0.jpg
6,./system/aligned-images/Dave/7f02a85fb0ab17e0.jpg
6,./system/aligned-images/Dave/7707a8df55a0aa15.jpg
6,./system/aligned-images/Dave/7707aabf15282a55.jpg
6,./system/aligned-images/Dave/7707aabf15202a57.jpg
6,./system/aligned-images/Dave/5703aadf55aaaa05.jpg
6,./system/aligned-images/Dave/5707aa9f150aaf83.jpg
6,./system/aligned-images/Dave/5715aabf150a6f81.jpg
6,./system/aligned-images/Dave/5707aabf150aa783.jpg
6,./system/aligned-images/Dave/570aaaddd0aa97e0.jpg
6,./system/aligned-images/Dave/57aa14dcabb91343.jpg
6,./system/aligned-images/Dave/57aa14d4abb9036b.jpg
6,./system/aligned-images/Dave/17aa8a15aa17ea57.jpg
6,./system/aligned-images/Dave/570aaa5dd5aa17e0.jpg
6,./system/aligned-images/Dave/ff07005f9ba85741.jpg
6,./system/aligned-images/Dave/5701aa5f55aabf80.jpg
6,./system/aligned-images/Dave/572aaa55aabb4543.jpg
6,./system/aligned-images/Dave/57aaaa55aa176255.jpg
6,./system/aligned-images/Dave/1fe810fe9a3fc043.jpg
6,./system/aligned-images/Dave/7f1520ba3f11541f.jpg
6,./system/aligned-images/Dave/5707aa9c159a6a97.jpg
6,./system/aligned-images/Dave/7f82a85ff0ba07c0.jpg
6,./system/aligned-images/Dave/57aa14dcabd11363.jpg
6,./system/aligned-images/Dave/5707aadf5582aa15.jpg
6,./system/aligned-images/Dave/5715aabf154ab780.jpg
6,./system/aligned-images/Dave/57baaaf5103aa5c2.jpg
6,./system/aligned-images/Dave/572aaa55d0ab05eb.jpg
6,./system/aligned-images/Dave/57abaad510aab5c2.jpg
6,./system/aligned-images/Dave/57aa14dcab791323.jpg
6,./system/aligned-images/Dave/7707a8df15a0ab15.jpg
6,./system/aligned-images/Dave/5703aa5f15aaaf41.jpg
6,./system/aligned-images/Dave/5703aa5f15aa2fc1.jpg
6,./system/aligned-images/Dave/7f01a85fd5aa17c0.jpg
6,./system/aligned-images/Dave/3f87a81f17a8aa45.jpg
6,./system/aligned-images/Dave/570baa5f55aa17c0.jpg
6,./system/aligned-images/Dave/7f07805f1fb06217.jpg
6,./system/aligned-images/Dave/57aa14dcabf11323.jpg
6,./system/aligned-images/Dave/5703aafd152af780.jpg
6,./system/aligned-images/Dave/570aaa5dd5aa57c0.jpg
6,./system/aligned-images/Dave/570baadd152ab703.jpg
6,./system/aligned-images/Dave/57aa14dcab711363.jpg
6,./system/aligned-images/Dave/572baa5515aad703.jpg
6,./system/aligned-images/Dave/3fa3a05f1fa84741.jpg
6,./system/aligned-images/Dave/572baa5594aad703.jpg
6,./system/aligned-images/Dave/5755aabf153a2701.jpg
6,./system/aligned-images/Dave/57aa14dcaaf15323.jpg
6,./system/aligned-images/Dave/570faafd152ab700.jpg
6,./system/aligned-images/Dave/57aa14fc0bbb0353.jpg
6,./system/aligned-images/Dave/570baad5152abdc2.jpg
7,./system/aligned-images/Dianne Sismundo/89275af491a59379.jpg
7,./system/aligned-images/Dianne Sismundo/8b2f524cb689935b.jpg
7,./system/aligned-images/Dianne Sismundo/a1037ede0dc72333.jpg
7,./system/aligned-images/Dianne Sismundo/8117f8d4d9871373.jpg
7,./system/aligned-images/Dianne Sismundo/23f87e9a4d2543c9.jpg
7,./system/aligned-images/Dianne Sismundo/0badd04cb60bbb4b.jpg
7,./system/aligned-images/Dianne Sismundo/8927faba6c81136b.jpg
7,./system/aligned-images/Dianne Sismundo/a9077ac45ba51379.jpg
7,./system/aligned-images/Dianne Sismundo/a116e2d8f4932b73.jpg
7,./system/aligned-images/Dianne Sismundo/030778ecd887b36b.jpg
7,./system/aligned-images/Dianne Sismundo/29077ad45d871b69.jpg
7,./system/aligned-images/Dianne Sismundo/0baf507cd40db34b.jpg
7,./system/aligned-images/Dianne Sismundo/0b2f50bcd987136b.jpg
7,./system/aligned-images/Dianne Sismundo/0307d8b4fca33b63.jpg
7,./system/aligned-images/Dianne Sismundo/0baf506cb689b34b.jpg
7,./system/aligned-images/Dianne Sismundo/3ff20e5ecdc72101.jpg
7,./system/aligned-images/Dianne Sismundo/a90758f65fe71121.jpg
7,./system/aligned-images/Dianne Sismundo/8f38d2cec6b42933.jpg
7,./system/aligned-images/Dianne Sismundo/0b2dd05cb48db3cb.jpg
7,./system/aligned-images/Dianne Sismundo/0327d07cf4873b4b.jpg
7,./system/aligned-images/Dianne Sismundo/0bad506ef681936b.jpg
7,./system/aligned-images/Dianne Sismundo/af30c256edb72311.jpg
7,./system/aligned-images/Dianne Sismundo/810778d4dda7136b.jpg
7,./system/aligned-images/Dianne Sismundo/0b4358945cbeeb2b.jpg
7,./system/aligned-images/Dianne Sismundo/138974d864bbcbc3.jpg
7,./system/aligned-images/Dianne Sismundo/a9037ad60da71379.jpg
7,./system/aligned-images/Dianne Sismundo/af70c61ea5873319.jpg
7,./system/aligned-images/Dianne Sismundo/a9077a9459a71b69.jpg
7,./system/aligned-images/Dianne Sismundo/8b275a9e4e876329.jpg
7,./system/aligned-images/Dianne Sismundo/032fd04cb41bbfc3.jpg
7,./system/aligned-images/Dianne Sismundo/f9021ef6c5256339.jpg
7,./system/aligned-images/Dianne Sismundo/0baf524cb68933d9.jpg
7,./system/aligned-images/Dianne Sismundo/0127fafc1b871369.jpg
7,./system/aligned-images/Dianne Sismundo/a9075af491a1937b.jpg
7,./system/aligned-images/Dianne Sismundo/f9031a76c7257329.jpg
7,./system/aligned-images/Dianne Sismundo/f9021ede85c7231b.jpg
7,./system/aligned-images/Dianne Sismundo/ab0378ff59a10369.jpg
7,./system/aligned-images/Dianne Sismundo/f9833ade94cb8911.jpg
7,./system/aligned-images/Dianne Sismundo/0307d8e896f9876b.jpg
7,./system/aligned-images/Dianne Sismundo/0b2fd04cb30db3cb.jpg
7,./system/aligned-images/Dianne Sismundo/0ff00adecc856373.jpg
7,./system/aligned-images/Dianne Sismundo/970aa4546e5f8bc3.jpg
7,./system/aligned-images/Dianne Sismundo/03d7d2bc94839be1.jpg
7,./system/aligned-images/Dianne Sismundo/3fe20e5ecd256321.jpg
7,./system/aligned-images/Dianne Sismundo/af72c21685b33333.jpg
7,./system/aligned-images/Dianne Sismundo/d74aa470cd4b8bc3.jpg
7,./system/aligned-images/Dianne Sismundo/e9037ecc0dcd2953.jpg
7,./system/aligned-images/Dianne Sismundo/89077ae65a87136b.jpg
7,./system/aligned-images/Dianne Sismundo/0b2750bccd27b31b.jpg
7,./system/aligned-images/Dianne Sismundo/09275aec9385937b.jpg
7,./system/aligned-images/Dianne Sismundo/0b1758b4d4991bf3.jpg
7,./system/aligned-images/Dianne Sismundo/af3240d48da5637b.jpg
8,./system/aligned-images/Elijah De Asis/3d3c7a68da999a06.jpg
8,./system/aligned-images/Elijah De Asis/159aa552e4cfcba1.jpg
8,./system/aligned-images/Elijah De Asis/9d3470ce46e1b939.jpg
8,./system/aligned-images/Elijah De Asis/a9103af66be68969.jpg
8,./system/aligned-images/Elijah De Asis/550abea05ec54f72.jpg
8,./system/aligned-images/Elijah De Asis/a9003ad66b6f8b69.jpg
8,./system/aligned-images/Elijah De Asis/1fa01ef4ea40c7ab.jpg
8,./system/aligned-images/Elijah De Asis/57a01ef4ea45a2cb.jpg
8,./system/aligned-images/Elijah De Asis/2f70861cf44fa0db.jpg
8,./system/aligned-images/Elijah De Asis/13aa95fac7452bc1.jpg
8,./system/aligned-images/Elijah De Asis/3f601ef4ea80c5ab.jpg
8,./system/aligned-images/Elijah De Asis/9f70861ce44fa4d9.jpg
8,./system/aligned-images/Elijah De Asis/2f70861ee08f81ef.jpg
8,./system/aligned-images/Elijah De Asis/2b003afc6cc78b6b.jpg
8,./system/aligned-images/Elijah De Asis/57a01ef4ea4585ab.jpg
8,./system/aligned-images/Elijah De Asis/2b123ab4ebc7036b.jpg
8,./system/aligned-images/Elijah De Asis/23129aacc3c787f3.jpg
8,./system/aligned-images/Elijah De Asis/432aba54eac74373.jpg
8,./system/aligned-images/Elijah De Asis/1fe01e74ee0ae147.jpg
8,./system/aligned-images/Elijah De Asis/3f601ef4ea09c52b.jpg
8,./system/aligned-images/Elijah De Asis/3f70861ce44fa0db.jpg
8,./system/aligned-images/Elijah De Asis/259a6ca4e2b3b1f2.jpg
8,./system/aligned-images/Elijah De Asis/bfb070c662e93929.jpg
8,./system/aligned-images/Elijah De Asis/a91012f66ae6eb99.jpg
8,./system/aligned-images/Elijah De Asis/1f201efc0ec58fd1.jpg
8,./system/aligned-images/Elijah De Asis/1fa016b4ea4bc1bb.jpg
8,./system/aligned-images/Elijah De Asis/13221efa44ed8fd1.jpg
8,./system/aligned-images/Elijah De Asis/a9101af66ae6e969.jpg
8,./system/aligned-images/Elijah De Asis/b50abc5456e50af3.jpg
8,./system/aligned-images/Elijah De Asis/2bbb9cb0c4472b2b.jpg
8,./system/aligned-images/Elijah De Asis/bd30323a6f866999.jpg
8,./system/aligned-images/Elijah De Asis/2b3b9840ad0ec7f3.jpg
8,./system/aligned-images/Elijah De Asis/0f388654ee89fd83.jpg
8,./system/aligned-images/Elijah De Asis/5fa01ef48a4ac56b.jpg
8,./system/aligned-images/Elijah De Asis/bd3012766ec66999.jpg
8,./system/aligned-images/Elijah De Asis/3f601e74ea0ec52b.jpg
8,./system/aligned-images/Elijah De Asis/89b012f6696f8b69.jpg
8,./system/aligned-images/Elijah De Asis/8df01e70ee4b04db.jpg
8,./system/aligned-images/Elijah De Asis/c738e7003ec3e9c3.jpg
8,./system/aligned-images/Elijah De Asis/1f701e74e60be04f.jpg
8,./system/aligned-images/Elijah De Asis/8ba016fec26d8b59.jpg
8,./system/aligned-images/Elijah De Asis/a9003af64b6f8b69.jpg
8,./system/aligned-images/Elijah De Asis/2312ba34c4cf97e3.jpg
8,./system/aligned-images/Elijah De Asis/57aa54f86a45cb31.jpg
8,./system/aligned-images/Elijah De Asis/17aa14ea55e90fe1.jpg
8,./system/aligned-images/Elijah De Asis/899012f66b67ab69.jpg
8,./system/aligned-images/Elijah De Asis/2b31bed4424f4973.jpg
8,./system/aligned-images/Elijah De Asis/3f60863ce40fa2db.jpg
8,./system/aligned-images/Elijah De Asis/2f70861ee0ef87c1.jpg
8,./system/aligned-images/Elijah De Asis/0f70961cf40fe05f.jpg
8,./system/aligned-images/Elijah De Asis/0f70861cf88fa0fb.jpg
8,./system/aligned-images/Elijah De Asis/899338d81b8f87c7.jpg
9,./system/aligned-images/Francesca Villasanta/39071efec609b519.jpg
9,./system/aligned-images/Francesca Villasanta/210778f4c6e19779.jpg
9,./system/aligned-images/Francesca Villasanta/13af92d47ee30b81.jpg
9,./system/aligned-images/Francesca Villasanta/11873ef6d441ab59.jpg
9,./system/aligned-images/Francesca Villasanta/012ff054eac7abd1.jpg
9,./system/aligned-images/Francesca Villasanta/21331e7ecccd0979.jpg
9,./system/aligned-images/Francesca Villasanta/151bb0dc424f63db.jpg
9,./system/aligned-images/Francesca Villasanta/0107befac641e72b.jpg
9,./system/aligned-images/Francesca Villasanta/3f37405e66e13709.jpg
9,./system/aligned-images/Francesca Villasanta/859258acc26fb3b9.jpg
9,./system/aligned-images/Francesca Villasanta/031fbc5066fb0d33.jpg
9,./system/aligned-images/Francesca Villasanta/112ff0547ec30be9.jpg
9,./system/aligned-images/Francesca Villasanta/133fbad45633070b.jpg
9,./system/aligned-images/Francesca Villasanta/11aff054760b0bf3.jpg
9,./system/aligned-images/Francesca Villasanta/09059efac611a7f9.jpg
9,./system/aligned-images/Francesca Villasanta/11073ef4ea6ba50b.jpg
9,./system/aligned-images/Francesca Villasanta/f9273c764e438159.jpg
9,./system/aligned-images/Francesca Villasanta/11ab1efcc221ef0b.jpg
9,./system/aligned-images/Francesca Villasanta/07db90944e2fb1b9.jpg
9,./system/aligned-images/Francesca Villasanta/01aff0f47e030bb9.jpg
9,./system/aligned-images/Francesca Villasanta/232f70de46cf016b.jpg
9,./system/aligned-images/Francesca Villasanta/112ffe54ee09a319.jpg
9,./system/aligned-images/Francesca Villasanta/153bb0d4c64f63b1.jpg
9,./system/aligned-images/Francesca Villasanta/01bf78e446430ff9.jpg
9,./system/aligned-images/Francesca Villasanta/0117707e6ec5c96b.jpg
9,./system/aligned-images/Francesca Villasanta/15abb0dc66072bf1.jpg
9,./system/aligned-images/Francesca Villasanta/11afd05c76430beb.jpg
9,./system/aligned-images/Francesca Villasanta/23bb10fe444fc16b.jpg
9,./system/aligned-images/Francesca Villasanta/218378e66ac7c9ab.jpg
9,./system/aligned-images/Francesca Villasanta/512bb05cf20f3b93.jpg
9,./system/aligned-images/Francesca Villasanta/d995d26c446b916b.jpg
9,./system/aligned-images/Francesca Villasanta/01077ae45ae3a37b.jpg
9,./system/aligned-images/Francesca Villasanta/950bb05c760f3b99.jpg
9,./system/aligned-images/Francesca Villasanta/83ab90d8e46c6bab.jpg
9,./system/aligned-images/Francesca Villasanta/170bb054662df1f9.jpg
9,./system/aligned-images/Francesca Villasanta/951bb8d44a03dbb3.jpg
9,./system/aligned-images/Francesca Villasanta/11af7056f6c7814b.jpg
9,./system/aligned-images/Francesca Villasanta/01af60fe6647a34b.jpg
9,./system/aligned-images/Francesca Villasanta/012b50ccceeb87f3.jpg
9,./system/aligned-images/Francesca Villasanta/95bfc0a4c28f2bc3.jpg
9,./system/aligned-images/Francesca Villasanta/112ffad46ac18b69.jpg
9,./system/aligned-images/Francesca Villasanta/012f70c6fae79139.jpg
9,./system/aligned-images/Francesca Villasanta/51afb8447a452bd9.jpg
9,./system/aligned-images/Francesca Villasanta/21873cf64ae7815b.jpg
9,./system/aligned-images/Francesca Villasanta/01afb05c66472bdb.jpg
9,./system/aligned-images/Francesca Villasanta/859b88e4c26ee3b9.jpg
9,./system/aligned-images/Francesca Villasanta/01173a3ee48fe953.jpg
9,./system/aligned-images/Francesca Villasanta/951b5894462f2fb3.jpg
9,./system/aligned-images/Francesca Villasanta/11077c746ee1ab4d.jpg
9,./system/aligned-images/Francesca Villasanta/230ff84e6ec58969.jpg
9,./system/aligned-images/Francesca Villasanta/3da186fe62e1b129.jpg
9,./system/aligned-images/Francesca Villasanta/030bd05ce62f739b.jpg
9,./system/aligned-images/Francesca Villasanta/954bb0dc630f3393.jpg
10,./system/aligned-images/Jobelle San Juan/8ba5507cc64fa3c9.jpg
10,./system/aligned-images/Jobelle San Juan/e1033ee6eda61919.jpg
10,./system/aligned-images/Jobelle San Juan/7133264eeccd1959.jpg
10,./system/aligned-images/Jobelle San Juan/e1833e66eca51d19.jpg
10,./system/aligned-images/Jobelle San Juan/0badd04ce6432bf3.jpg
10,./system/aligned-images/Jobelle San Juan/b1333e76c6a58919.jpg
10,./system/aligned-images/Jobelle San Juan/813bbab267866999.jpg
10,./system/aligned-images/Jobelle San Juan/a99510b6c6a767c9.jpg
10,./system/aligned-images/Jobelle San Juan/89277ce6c6698969.jpg
10,./system/aligned-images/Jobelle San Juan/81177ac64ee58b59.jpg
10,./system/aligned-images/Jobelle San Juan/8bbd52e4c3650b69.jpg
10,./system/aligned-images/Jobelle San Juan/8ba55044e6672bdb.jpg
10,./system/aligned-images/Jobelle San Juan/a1133e766de54919.jpg
10,./system/aligned-images/Jobelle San Juan/0ba5d0f4c62fa3c9.jpg
10,./system/aligned-images/Jobelle San Juan/0ba5d07cc64f6369.jpg
10,./system/aligned-images/Jobelle San Juan/8bbd502cc6476bc9.jpg
10,./system/aligned-images/Jobelle San Juan/8bad504ce44d2bdb.jpg
10,./system/aligned-images/Jobelle San Juan/89b5d0e6c74529d9.jpg
10,./system/aligned-images/Jobelle San Juan/71731e7ae4a51919.jpg
10,./system/aligned-images/Jobelle San Juan/a1813e76cea58b59.jpg
10,./system/aligned-images/Jobelle San Juan/b79b64884707c3b3.jpg
10,./system/aligned-images/Jobelle San Juan/5ba9b054c64f6399.jpg
10,./system/aligned-images/Jobelle San Juan/8bb550bcc60fa369.jpg
10,./system/aligned-images/Jobelle San Juan/71730e3ee4c51999.jpg
10,./system/aligned-images/Jobelle San Juan/892fbce4c4698b59.jpg
10,./system/aligned-images/Jobelle San Juan/2335f0b4e6ed03c9.jpg
10,./system/aligned-images/Jobelle San Juan/a113bac66ee54999.jpg
10,./system/aligned-images/Jobelle San Juan/a9173ae44ee70959.jpg
10,./system/aligned-images/Jobelle San Juan/a9177ae46ee50949.jpg
10,./system/aligned-images/Jobelle San Juan/89b5f042e54d2b9b.jpg
10,./system/aligned-images/Jobelle San Juan/89b5d0e6e7652949.jpg
10,./system/aligned-images/Jobelle San Juan/2995f894c4ef2b49.jpg
10,./system/aligned-images/Jobelle San Juan/0bbd9064e64d2bd9.jpg
10,./system/aligned-images/Jobelle San Juan/f1233e2ee5c45913.jpg
10,./system/aligned-images/Jobelle San Juan/a1133ae64ae749d9.jpg
10,./system/aligned-images/Jobelle San Juan/f1271e6ec645c929.jpg
10,./system/aligned-images/Jobelle San Juan/53e9b094660f639b.jpg
10,./system/aligned-images/Jobelle San Juan/8133fa1a648f6f49.jpg
10,./system/aligned-images/Jobelle San Juan/81137ade6e856959.jpg
10,./system/aligned-images/Jobelle San Juan/8bb550acc64f2bc9.jpg
10,./system/aligned-images/Jobelle San Juan/89b55066e76d6199.jpg
10,./system/aligned-images/Jobelle San Juan/1badb05c64836be3.jpg
10,./system/aligned-images/Jobelle San Juan/a98558e6c6e72b49.jpg
10,./system/aligned-images/Jobelle San Juan/e1e31e66e7442d19.jpg
10,./system/aligned-images/Jobelle San Juan/89b5d0a4c36769d9.jpg
10,./system/aligned-images/Jobelle San Juan/3133264eeced4959.jpg
10,./system/aligned-images/Jobelle San Juan/a99718a4eeef0159.jpg
10,./system/aligned-images/Jobelle San Juan/abb55094c6c72bc9.jpg
10,./system/aligned-images/Jobelle San Juan/89b5d096c6476bc9.jpg
10,./system/aligned-images/Jobelle San Juan/a9b572e6454d29c9.jpg
10,./system/aligned-images/Jobelle San Juan/a1173ae64eed0959.jpg
10,./system/aligned-images/Jobelle San Juan/b1331e7acea5c909.jpg
11,./system/aligned-images/Jovani/373857ec42a13ad5.jpg
11,./system/aligned-images/Jovani/7fa01ffc4201b563.jpg
11,./system/aligned-images/Jovani/Jovani-2.png
11,./system/aligned-images/Jovani/373ff0104ee10f63.jpg
11,./system/aligned-images/Jovani/55556a2b95496ab5.jpg
11,./system/aligned-images/Jovani/55d24aa9b54b5aa5.jpg
11,./system/aligned-images/Jovani/55512aad55572ae5.jpg
11,./system/aligned-images/Jovani/373bd7004eeb1163.jpg
11,./system/aligned-images/Jovani/073f34044fe187f3.jpg
11,./system/aligned-images/Jovani/7f2a1f54aad5052a.jpg
11,./system/aligned-images/Jovani/3f003f6e406f807f.jpg
11,./system/aligned-images/Jovani/3f003fc4c44f80ff.jpg
11,./system/aligned-images/Jovani/773815ec47aa912b.jpg
11,./system/aligned-images/Jovani/373bf7004ee901e3.jpg
11,./system/aligned-images/Jovani/55554a4dad8a756a.jpg
11,./system/aligned-images/Jovani/3fff8010e4b9e431.jpg
11,./system/aligned-images/Jovani/7ffe40c03be18433.jpg
11,./system/aligned-images/Jovani/Jovani-1.png
11,./system/aligned-images/Jovani/17ba01fc8a55ab55.jpg
11,./system/aligned-images/Jovani/8f3cd0d6e006f1e9.jpg
11,./system/aligned-images/Jovani/5755082abbaaaa75.jpg
11,./system/aligned-images/Jovani/371815ec4aa53be5.jpg
11,./system/aligned-images/Jovani/1ff80255aaa1d52f.jpg
11,./system/aligned-images/Jovani/1ffcd0dec00bf109.jpg
11,./system/aligned-images/Jovani/173857ec44a91be5.jpg
11,./system/aligned-images/Jovani/3f17b8a20f21e0af.jpg
11,./system/aligned-images/Jovani/572aba554aab1167.jpg
11,./system/aligned-images/Jovani/173b3e404fa181ef.jpg
11,./system/aligned-images/Jovani/373bf6004ee901eb.jpg
11,./system/aligned-images/Jovani/773fbe444a452323.jpg
11,./system/aligned-images/Jovani/373015fe4580b7b3.jpg
11,./system/aligned-images/Jovani/271bfc044f6c01fb.jpg
11,./system/aligned-images/Jovani/173b3f404f6b9143.jpg
11,./system/aligned-images/Jovani/373fd0144ec10fe3.jpg
12,./system/aligned-images/Martin/17b8003eea01adff.jpg
12,./system/aligned-images/Martin/273870cf19e0ff03.jpg
12,./system/aligned-images/Martin/6db2954ad62d92a5.jpg
12,./system/aligned-images/Martin/b72a8015f0a3b8df.jpg
12,./system/aligned-images/Martin/Martin-1.png
12,./system/aligned-images/Martin/Martin-2.png
12,./system/aligned-images/Martin/07b01f80ea5fa07f.jpg
12,./system/aligned-images/Martin/1fe017aec0bf8171.jpg
12,./system/aligned-images/Martin/af92b54ad1a952a5.jpg
12,./system/aligned-images/Martin/8b8db5c643cb4b61.jpg
12,./system/aligned-images/Martin/372a1ff4826bf501.jpg
12,./system/aligned-images/Martin/3f2815fec255ab41.jpg
12,./system/aligned-images/Martin/1fa015bac0ff2bc1.jpg
12,./system/aligned-images/Martin/af1ab542e3456aa5.jpg
12,./system/aligned-images/Martin/3fa015aec095ff81.jpg
12,./system/aligned-images/Martin/1f7c938c21cee31c.jpg
12,./system/aligned-images/Martin/1f2814feaa11ab6b.jpg
12,./system/aligned-images/Martin/1f2814feaa11aa6f.jpg
12,./system/aligned-images/Martin/6b962d56255aa54b.jpg
12,./system/aligned-images/Martin/bf6a0015ea2a557b.jpg
12,./system/aligned-images/Martin/5738827ce00a7d77.jpg
12,./system/aligned-images/Martin/1f2814feaa112f6b.jpg
12,./system/aligned-images/Martin/27301fe04fe8c36b.jpg
12,./system/aligned-images/Martin/cb32ad562d4ba649.jpg
12,./system/aligned-images/Martin/2f9ab54aa5499729.jpg
12,./system/aligned-images/Martin/3fa814fcea11a94b.jpg
12,./system/aligned-images/Martin/3fe800f4ea4355ab.jpg
12,./system/aligned-images/Martin/736c83fc63c0df01.jpg
12,./system/aligned-images/Martin/17a81fa08affa057.jpg
12,./system/aligned-images/Martin/e73817c4e00fe06f.jpg
12,./system/aligned-images/Martin/a711b8d4eac583e3.jpg
12,./system/aligned-images/Martin/0710f3df30e03f47.jpg
12,./system/aligned-images/Martin/374c13fce360df01.jpg
12,./system/aligned-images/Martin/cbb6d95649924993.jpg
12,./system/aligned-images/Martin/1f6c93ce218ee31c.jpg
12,./system/aligned-images/Martin/ef155aa6807b01f3.jpg
12,./system/aligned-images/Martin/372816fc8a55fd0a.jpg
12,./system/aligned-images/Martin/9d22a9d669d926c9.jpg
12,./system/aligned-images/Martin/0f38c03eeb002f7f.jpg
12,./system/aligned-images/Martin/271838e7c87dc7c1.jpg
12,./system/aligned-images/Martin/172800beea01afff.jpg
12,./system/aligned-images/Martin/1fa810beaa01bdeb.jpg
12,./system/aligned-images/Martin/3f4c137cc37c07e0.jpg
12,./system/aligned-images/Martin/2711b8c4eacfc363.jpg
12,./system/aligned-images/Martin/3fe015aed1ab1561.jpg
12,./system/aligned-images/Martin/e7389fc0e00f70e3.jpg
12,./system/aligned-images/Martin/771c17e07bc33843.jpg
12,./system/aligned-images/Martin/17a804fdea4575aa.jpg
12,./system/aligned-images/Martin/2d9aad56a5499669.jpg
12,./system/aligned-images/Martin/3ff01fe0c02ff00b.jpg
12,./system/aligned-images/Martin/17a882fce22b7563.jpg
12,./system/aligned-images/Martin/1738003eea013fff.jpg
12,./system/aligned-images/Martin/2734f8e68930fd83.jpg
12,./system/aligned-images/Martin/3fa017bec05dab41.jpg
12,./system/aligned-images/Martin/ef955ca6407b8943.jpg
12,./system/aligned-images/Martin/0718f2be51802f7f.jpg
13,./system/aligned-images/michelle-joffe/michelle-joffe-0.png
13,./system/aligned-images/michelle-joffe/michelle-joffe-3.png
13,./system/aligned-images/michelle-joffe/michelle-joffe-2.png
13,./system/aligned-images/michelle-joffe/michelle-joffe-1.png
14,./system/aligned-images/Pierangelo Martin/21301af4ccceeb3b.jpg
14,./system/aligned-images/Pierangelo Martin/459ae8b64dc24de3.jpg
14,./system/aligned-images/Pierangelo Martin/aba01efa44ea05eb.jpg
14,./system/aligned-images/Pierangelo Martin/a995baee40cba949.jpg
14,./system/aligned-images/Pierangelo Martin/ab01be46ee0b21eb.jpg
14,./system/aligned-images/Pierangelo Martin/3ba014ee55ab15ab.jpg
14,./system/aligned-images/Pierangelo Martin/a3bb18e6c20e2b9b.jpg
14,./system/aligned-images/Pierangelo Martin/2fa016fe442b47ab.jpg
14,./system/aligned-images/Pierangelo Martin/0b3b90e6c24e2bbb.jpg
14,./system/aligned-images/Pierangelo Martin/17aa14ea45ab85eb.jpg
14,./system/aligned-images/Pierangelo Martin/5796488ec5cba54b.jpg
14,./system/aligned-images/Pierangelo Martin/ad5a9cac52aba543.jpg
14,./system/aligned-images/Pierangelo Martin/23103ae4eecec39b.jpg
14,./system/aligned-images/Pierangelo Martin/f59248a4cb43c9eb.jpg
14,./system/aligned-images/Pierangelo Martin/972ab8d4c28d63cb.jpg
14,./system/aligned-images/Pierangelo Martin/2f30529eeace2369.jpg
14,./system/aligned-images/Pierangelo Martin/2f38724e6ee92169.jpg
14,./system/aligned-images/Pierangelo Martin/573bb8cec20f0393.jpg
14,./system/aligned-images/Pierangelo Martin/23301af4c8ceeb3b.jpg
14,./system/aligned-images/Pierangelo Martin/27305edee08e3369.jpg
14,./system/aligned-images/Pierangelo Martin/0fa016fa46ab27e9.jpg
14,./system/aligned-images/Pierangelo Martin/2ba01ef6464bb31b.jpg
14,./system/aligned-images/Pierangelo Martin/6fb8721c62e92369.jpg
14,./system/aligned-images/Pierangelo Martin/2b3b98e6c20f239b.jpg
14,./system/aligned-images/Pierangelo Martin/459268b6c5cb8de3.jpg
14,./system/aligned-images/Pierangelo Martin/233f18c6c60f8b3b.jpg
14,./system/aligned-images/Pierangelo Martin/8bbb90c4464babcb.jpg
14,./system/aligned-images/Pierangelo Martin/23301ef4e8cee32b.jpg
14,./system/aligned-images/Pierangelo Martin/bd422bb44bf14b25.jpg
14,./system/aligned-images/Pierangelo Martin/d7bab444464acbc3.jpg
14,./system/aligned-images/Pierangelo Martin/033bb8c4c24ee3bb.jpg
14,./system/aligned-images/Pierangelo Martin/8fa016fa442bc7ab.jpg
14,./system/aligned-images/Pierangelo Martin/ab01be44ca0ba3fb.jpg
14,./system/aligned-images/Pierangelo Martin/57bab844464b8be3.jpg
14,./system/aligned-images/Pierangelo Martin/0bbb90c6c20eabeb.jpg
14,./system/aligned-images/Pierangelo Martin/2b01bec4ce0ba1fb.jpg
14,./system/aligned-images/Pierangelo Martin/2f201efec60b274b.jpg
14,./system/aligned-images/Pierangelo Martin/b50abcb44aa155eb.jpg
14,./system/aligned-images/Pierangelo Martin/ef38d21ee2492369.jpg
14,./system/aligned-images/Pierangelo Martin/ad52d4a8d6532997.jpg
14,./system/aligned-images/Pierangelo Martin/0ff016d27fe12b81.jpg
14,./system/aligned-images/Pierangelo Martin/273072dee0e93369.jpg
14,./system/aligned-images/Pierangelo Martin/975abcc4c24aab93.jpg
14,./system/aligned-images/Pierangelo Martin/1fa8175ee07b01e9.jpg
14,./system/aligned-images/Pierangelo Martin/b54abc92444b8fe3.jpg
14,./system/aligned-images/Pierangelo Martin/ab00bac4cacea3eb.jpg
14,./system/aligned-images/Pierangelo Martin/23301af4cacec37b.jpg
14,./system/aligned-images/Pierangelo Martin/2b3bb8c4e60f039b.jpg
14,./system/aligned-images/Pierangelo Martin/8f301ff00fe98b61.jpg
14,./system/aligned-images/Pierangelo Martin/8991ba66666f81d9.jpg
14,./system/aligned-images/Pierangelo Martin/ab3f9054464bab8b.jpg
14,./system/aligned-images/Pierangelo Martin/0b3b90c6c20feb3b.jpg
14,./system/aligned-images/Pierangelo Martin/89b5127e424bafc9.jpg
14,./system/aligned-images/Pierangelo Martin/57cab0c466ca6bc3.jpg
15,./system/aligned-images/robbie-katz/robbie-katz-27.png
15,./system/aligned-images/robbie-katz/robbie-katz-11.png
15,./system/aligned-images/robbie-katz/robbie-katz-40.png
15,./system/aligned-images/robbie-katz/robbie-katz-33.png
15,./system/aligned-images/robbie-katz/robbie-5.png
15,./system/aligned-images/robbie-katz/robbie-katz-16.png
15,./system/aligned-images/robbie-katz/robbie-3.png
15,./system/aligned-images/robbie-katz/robbie-katz-20.png
15,./system/aligned-images/robbie-katz/robbie-katz-22.png
15,./system/aligned-images/robbie-katz/robbie-katz-13.png
15,./system/aligned-images/robbie-katz/robbie-katz-9.png
15,./system/aligned-images/robbie-katz/robbie-katz-30.png
15,./system/aligned-images/robbie-katz/robbie-1.png
15,./system/aligned-images/robbie-katz/robbie-katz-26.png
15,./system/aligned-images/robbie-katz/robbie-6.png
15,./system/aligned-images/robbie-katz/robbie-katz-14.png
15,./system/aligned-images/robbie-katz/robbie-katz-32.png
15,./system/aligned-images/robbie-katz/robbie-katz-34.png
15,./system/aligned-images/robbie-katz/robbie-katz-41.png
15,./system/aligned-images/robbie-katz/robbie-4.png
15,./system/aligned-images/robbie-katz/robbie-katz-12.png
15,./system/aligned-images/robbie-katz/robbie-katz-36.png
15,./system/aligned-images/robbie-katz/robbie-katz-31.png
15,./system/aligned-images/robbie-katz/robbie-katz-39.png
15,./system/aligned-images/robbie-katz/robbie-2.png
15,./system/aligned-images/robbie-katz/robbie-katz-37.png
15,./system/aligned-images/robbie-katz/robbie-katz-8.png
15,./system/aligned-images/robbie-katz/robbie-katz-21.png
15,./system/aligned-images/robbie-katz/robbie-katz-29.png
15,./system/aligned-images/robbie-katz/robbie-7.png
15,./system/aligned-images/robbie-katz/robbie-katz-23.png
15,./system/aligned-images/robbie-katz/robbie-katz-24.png
15,./system/aligned-images/robbie-katz/robbie-katz-18.png
15,./system/aligned-images/robbie-katz/robbie-katz-19.png
15,./system/aligned-images/robbie-katz/robbie-katz-38.png
15,./system/aligned-images/robbie-katz/robbie-katz-15.png
15,./system/aligned-images/robbie-katz/robbie-katz-28.png
15,./system/aligned-images/robbie-katz/robbie-katz-35.png
15,./system/aligned-images/robbie-katz/robbie-katz-17.png
15,./system/aligned-images/robbie-katz/robbie-katz-25.png
15,./system/aligned-images/robbie-katz/robbie-katz-10.png
16,./system/aligned-images/Rodemar Aguilar/fd91103e40e5afe1.jpg
16,./system/aligned-images/Rodemar Aguilar/952b34566e4b2dc9.jpg
16,./system/aligned-images/Rodemar Aguilar/959fbad44ac109d3.jpg
16,./system/aligned-images/Rodemar Aguilar/d595ba5a44cb0b63.jpg
16,./system/aligned-images/Rodemar Aguilar/11af3a54ea05a9eb.jpg
16,./system/aligned-images/Rodemar Aguilar/b1173cc2e6693939.jpg
16,./system/aligned-images/Rodemar Aguilar/d115ba5444abafb1.jpg
16,./system/aligned-images/Rodemar Aguilar/11afea34ce05a3cd.jpg
16,./system/aligned-images/Rodemar Aguilar/15ab9452ee43a59b.jpg
16,./system/aligned-images/Rodemar Aguilar/81afba54ea4529cb.jpg
16,./system/aligned-images/Rodemar Aguilar/152bb056ee0d2be9.jpg
16,./system/aligned-images/Rodemar Aguilar/11953acc54eb8fb1.jpg
16,./system/aligned-images/Rodemar Aguilar/15ab7054ee858b6d.jpg
16,./system/aligned-images/Rodemar Aguilar/91173e7ee62d8149.jpg
16,./system/aligned-images/Rodemar Aguilar/151bb45a96a913ed.jpg
16,./system/aligned-images/Rodemar Aguilar/939eb998f23303e2.jpg
16,./system/aligned-images/Rodemar Aguilar/0de692cc6623dc3b.jpg
16,./system/aligned-images/Rodemar Aguilar/959bb4566eab0989.jpg
16,./system/aligned-images/Rodemar Aguilar/fd97207e44a1af41.jpg
16,./system/aligned-images/Rodemar Aguilar/55abb054eac52fc1.jpg
16,./system/aligned-images/Rodemar Aguilar/9117ba54c4ab4db9.jpg
16,./system/aligned-images/Rodemar Aguilar/571dbaf482cb2583.jpg
16,./system/aligned-images/Rodemar Aguilar/153fba54aac7016b.jpg
16,./system/aligned-images/Rodemar Aguilar/bf01507ec48fa14f.jpg
16,./system/aligned-images/Rodemar Aguilar/818a907ace276fd3.jpg
16,./system/aligned-images/Rodemar Aguilar/15bd2a94ca4bad63.jpg
16,./system/aligned-images/Rodemar Aguilar/95373e7ee6e10141.jpg
16,./system/aligned-images/Rodemar Aguilar/552bb656ea632549.jpg
16,./system/aligned-images/Rodemar Aguilar/9d301a56e4e5e969.jpg
16,./system/aligned-images/Rodemar Aguilar/15af74564e458b65.jpg
16,./system/aligned-images/Rodemar Aguilar/bd15a05ec0cd3be1.jpg
16,./system/aligned-images/Rodemar Aguilar/555fba5440ab55b1.jpg
16,./system/aligned-images/Rodemar Aguilar/45ba1442ee03cfbb.jpg
16,./system/aligned-images/Rodemar Aguilar/553bba54ea4f050b.jpg
16,./system/aligned-images/Rodemar Aguilar/918fba54eac421eb.jpg
16,./system/aligned-images/Rodemar Aguilar/8185383cee274fcb.jpg
16,./system/aligned-images/Rodemar Aguilar/8f30e04eeeed4169.jpg
16,./system/aligned-images/Rodemar Aguilar/55bbb4546a452b99.jpg
16,./system/aligned-images/Rodemar Aguilar/194e794cc08b4b7f.jpg
16,./system/aligned-images/Rodemar Aguilar/15abb456ee030bcb.jpg
16,./system/aligned-images/Rodemar Aguilar/91057aba56c1ad6b.jpg
16,./system/aligned-images/Rodemar Aguilar/2badf04cb0d2e89b.jpg
16,./system/aligned-images/Rodemar Aguilar/859bb4544aab39d9.jpg
16,./system/aligned-images/Rodemar Aguilar/55ab3454eac1a759.jpg
16,./system/aligned-images/Rodemar Aguilar/9185ea3254ababf1.jpg
16,./system/aligned-images/Rodemar Aguilar/158fe254ca8d2bcd.jpg
16,./system/aligned-images/Rodemar Aguilar/d96e696cc853036d.jpg
16,./system/aligned-images/Rodemar Aguilar/1507be56a6a1abe1.jpg
16,./system/aligned-images/Rodemar Aguilar/8db6da4c669b4839.jpg
16,./system/aligned-images/Rodemar Aguilar/118dea14ce8b35eb.jpg
16,./system/aligned-images/Rodemar Aguilar/950bb4566ea30fa9.jpg
16,./system/aligned-images/Rodemar Aguilar/55ab1044eec5afc9.jpg
16,./system/aligned-images/Rodemar Aguilar/118fea54ea8529eb.jpg
16,./system/aligned-images/Rodemar Aguilar/c1bdba544a8b05eb.jpg
17,./system/aligned-images/Roemar Pajaron/3d11167e6dc54959.jpg
17,./system/aligned-images/Roemar Pajaron/c738e7600c6be18f.jpg
17,./system/aligned-images/Roemar Pajaron/a3b31a3a4dc4639b.jpg
17,./system/aligned-images/Roemar Pajaron/43bb90d4c24f639b.jpg
17,./system/aligned-images/Roemar Pajaron/ff20f01781fb2b81.jpg
17,./system/aligned-images/Roemar Pajaron/2f30724e6ee93159.jpg
17,./system/aligned-images/Roemar Pajaron/b5da78e4444749e3.jpg
17,./system/aligned-images/Roemar Pajaron/371832cecee99169.jpg
17,./system/aligned-images/Roemar Pajaron/ff007497a0fb25a1.jpg
17,./system/aligned-images/Roemar Pajaron/bf00b4ee44ab45ab.jpg
17,./system/aligned-images/Roemar Pajaron/373872ce4eed8149.jpg
17,./system/aligned-images/Roemar Pajaron/a59ab8944747639b.jpg
17,./system/aligned-images/Roemar Pajaron/9552c8a6c947c9f3.jpg
17,./system/aligned-images/Roemar Pajaron/559aacd64d834d93.jpg
17,./system/aligned-images/Roemar Pajaron/bf00b6aa54a947ab.jpg
17,./system/aligned-images/Roemar Pajaron/6b31bac4ca4f2b49.jpg
17,./system/aligned-images/Roemar Pajaron/cf38f6c6000be3f8.jpg
17,./system/aligned-images/Roemar Pajaron/a3b11a3acec66399.jpg
17,./system/aligned-images/Roemar Pajaron/bf00b4ae54ab45ab.jpg
17,./system/aligned-images/Roemar Pajaron/ab113a766fe541c1.jpg
17,./system/aligned-images/Roemar Pajaron/2d301646eceda979.jpg
17,./system/aligned-images/Roemar Pajaron/bf40be5e64a12b89.jpg
17,./system/aligned-images/Roemar Pajaron/29911ef668e5c959.jpg
17,./system/aligned-images/Roemar Pajaron/ff2054aec2db2155.jpg
17,./system/aligned-images/Roemar Pajaron/3730724eede50969.jpg
17,./system/aligned-images/Roemar Pajaron/279c73c4ce61ed41.jpg
17,./system/aligned-images/Roemar Pajaron/85da1c94466ebbb1.jpg
17,./system/aligned-images/Roemar Pajaron/bf00be46e4096fc9.jpg
17,./system/aligned-images/Roemar Pajaron/ff00f41f00eb7d81.jpg
17,./system/aligned-images/Roemar Pajaron/8d12986c474bebb3.jpg
17,./system/aligned-images/Roemar Pajaron/371832c6ceedc169.jpg
17,./system/aligned-images/Roemar Pajaron/b55a38e64447c9e3.jpg
17,./system/aligned-images/Roemar Pajaron/859a58e4c647c9f3.jpg
17,./system/aligned-images/Roemar Pajaron/cd92d864875d1b33.jpg
17,./system/aligned-images/Roemar Pajaron/559ab45ea44ba54b.jpg
17,./system/aligned-images/Roemar Pajaron/bf00946a54abc5bb.jpg
17,./system/aligned-images/Roemar Pajaron/fd2a54be8a51ab03.jpg
17,./system/aligned-images/Roemar Pajaron/9dd61acc27154373.jpg
17,./system/aligned-images/Roemar Pajaron/ab11ba444f6d2d59.jpg
17,./system/aligned-images/Roemar Pajaron/959248b6cc83cfe3.jpg
17,./system/aligned-images/Roemar Pajaron/7f00fe15e06b0579.jpg
17,./system/aligned-images/Roemar Pajaron/9db2da6c264741e3.jpg
17,./system/aligned-images/Roemar Pajaron/9552d866c947d963.jpg
17,./system/aligned-images/Roemar Pajaron/2d311676ecc549d9.jpg
17,./system/aligned-images/Roemar Pajaron/ff28543e02f9ab41.jpg
17,./system/aligned-images/Roemar Pajaron/551abc5acca15bb1.jpg
17,./system/aligned-images/Roemar Pajaron/253116f66cc669d9.jpg
17,./system/aligned-images/Roemar Pajaron/bf00be7e4401af99.jpg
17,./system/aligned-images/Roemar Pajaron/ab00be66456f255b.jpg
17,./system/aligned-images/Roemar Pajaron/ff2a543eaa51a10b.jpg
17,./system/aligned-images/Roemar Pajaron/b72a14feaa51ab03.jpg
17,./system/aligned-images/Roemar Pajaron/3f30724eedc50939.jpg
17,./system/aligned-images/Roemar Pajaron/95da2894450fdbb3.jpg
18,./system/aligned-images/surelda-davids/surelda-davids-0.png
19,./system/aligned-images/unknown-1/clapton-1.png
19,./system/aligned-images/unknown-1/clapton-2.png
20,./system/aligned-images/unknown-10/7-07.png
20,./system/aligned-images/unknown-10/7-01.png
20,./system/aligned-images/unknown-10/7-12.png
20,./system/aligned-images/unknown-10/7-11.png
20,./system/aligned-images/unknown-10/7-13.png
20,./system/aligned-images/unknown-10/7-08.png
20,./system/aligned-images/unknown-10/7-04.png
20,./system/aligned-images/unknown-10/7-06.png
20,./system/aligned-images/unknown-10/7-02.png
20,./system/aligned-images/unknown-10/7-14.png
20,./system/aligned-images/unknown-10/7-09.png
20,./system/aligned-images/unknown-10/7-05.png
20,./system/aligned-images/unknown-10/7-03.png
20,./system/aligned-images/unknown-10/7-10.png
21,./system/aligned-images/unknown-11/12-08.png
21,./system/aligned-images/unknown-11/12-14.png
21,./system/aligned-images/unknown-11/12-03.png
21,./system/aligned-images/unknown-11/12-12.png
21,./system/aligned-images/unknown-11/12-04.png
21,./system/aligned-images/unknown-11/12-09.png
21,./system/aligned-images/unknown-11/12-05.png
21,./system/aligned-images/unknown-11/12-13.png
21,./system/aligned-images/unknown-11/12-11.png
21,./system/aligned-images/unknown-11/12-06.png
21,./system/aligned-images/unknown-11/12-07.png
21,./system/aligned-images/unknown-11/12-10.png
21,./system/aligned-images/unknown-11/12-02.png
21,./system/aligned-images/unknown-11/12-01.png
22,./system/aligned-images/unknown-12/15-06.png
22,./system/aligned-images/unknown-12/15-04.png
22,./system/aligned-images/unknown-12/15-07.png
22,./system/aligned-images/unknown-12/15-09.png
22,./system/aligned-images/unknown-12/15-13.png
22,./system/aligned-images/unknown-12/15-02.png
22,./system/aligned-images/unknown-12/15-12.png
22,./system/aligned-images/unknown-12/15-10.png
22,./system/aligned-images/unknown-12/15-14.png
22,./system/aligned-images/unknown-12/15-03.png
22,./system/aligned-images/unknown-12/15-05.png
22,./system/aligned-images/unknown-12/15-01.png
22,./system/aligned-images/unknown-12/15-11.png
22,./system/aligned-images/unknown-12/15-08.png
23,./system/aligned-images/unknown-2/lennon-1.png
23,./system/aligned-images/unknown-2/lennon-2.png
24,./system/aligned-images/unknown-3/person-3.png
24,./system/aligned-images/unknown-3/person-6.png
24,./system/aligned-images/unknown-3/person-1.png
24,./system/aligned-images/unknown-3/person-2.png
24,./system/aligned-images/unknown-3/person-8.png
24,./system/aligned-images/unknown-3/person-4.png
24,./system/aligned-images/unknown-3/person-12.png
24,./system/aligned-images/unknown-3/person-10.png
24,./system/aligned-images/unknown-3/person-5.png
24,./system/aligned-images/unknown-3/person-9.png
24,./system/aligned-images/unknown-3/person-7.png
24,./system/aligned-images/unknown-3/person-11.png
25,./system/aligned-images/unknown-4/2-03.png
25,./system/aligned-images/unknown-4/2-02.png
25,./system/aligned-images/unknown-4/2-01.png
25,./system/aligned-images/unknown-4/2-09.png
25,./system/aligned-images/unknown-4/2-10.png
25,./system/aligned-images/unknown-4/2-14.png
25,./system/aligned-images/unknown-4/2-07.png
25,./system/aligned-images/unknown-4/2-13.png
25,./system/aligned-images/unknown-4/2-05.png
25,./system/aligned-images/unknown-4/2-12.png
25,./system/aligned-images/unknown-4/2-11.png
25,./system/aligned-images/unknown-4/2-04.png
25,./system/aligned-images/unknown-4/2-06.png
25,./system/aligned-images/unknown-4/2-08.png
26,./system/aligned-images/unknown-5/3-01.png
26,./system/aligned-images/unknown-5/3-12.png
26,./system/aligned-images/unknown-5/3-05.png
26,./system/aligned-images/unknown-5/3-06.png
26,./system/aligned-images/unknown-5/3-13.png
26,./system/aligned-images/unknown-5/3-11.png
26,./system/aligned-images/unknown-5/3-14.png
26,./system/aligned-images/unknown-5/3-09.png
26,./system/aligned-images/unknown-5/3-04.png
26,./system/aligned-images/unknown-5/3-02.png
26,./system/aligned-images/unknown-5/3-08.png
26,./system/aligned-images/unknown-5/3-03.png
26,./system/aligned-images/unknown-5/3-10.png
26,./system/aligned-images/unknown-5/3-07.png
27,./system/aligned-images/unknown-6/4-13.png
27,./system/aligned-images/unknown-6/4-12.png
27,./system/aligned-images/unknown-6/4-03.png
27,./system/aligned-images/unknown-6/4-02.png
27,./system/aligned-images/unknown-6/4-04.png
27,./system/aligned-images/unknown-6/4-11.png
27,./system/aligned-images/unknown-6/4-09.png
27,./system/aligned-images/unknown-6/4-07.png
27,./system/aligned-images/unknown-6/4-05.png
27,./system/aligned-images/unknown-6/4-08.png
27,./system/aligned-images/unknown-6/4-14.png
27,./system/aligned-images/unknown-6/4-06.png
28,./system/aligned-images/unknown-7/5-06.png
28,./system/aligned-images/unknown-7/5-03.png
28,./system/aligned-images/unknown-7/5-13.png
28,./system/aligned-images/unknown-7/5-05.png
28,./system/aligned-images/unknown-7/5-01.png
28,./system/aligned-images/unknown-7/5-04.png
28,./system/aligned-images/unknown-7/5-08.png
28,./system/aligned-images/unknown-7/5-02.png
28,./system/aligned-images/unknown-7/5-14.png
28,./system/aligned-images/unknown-7/5-11.png
28,./system/aligned-images/unknown-7/5-07.png
28,./system/aligned-images/unknown-7/5-09.png
28,./system/aligned-images/unknown-7/5-12.png
29,./system/aligned-images/unknown-8/6-08.png
29,./system/aligned-images/unknown-8/6-06.png
29,./system/aligned-images/unknown-8/6-13.png
29,./system/aligned-images/unknown-8/6-02.png
29,./system/aligned-images/unknown-8/6-01.png
29,./system/aligned-images/unknown-8/6-03.png
29,./system/aligned-images/unknown-8/6-12.png
29,./system/aligned-images/unknown-8/6-09.png
29,./system/aligned-images/unknown-8/6-14.png
29,./system/aligned-images/unknown-8/6-04.png
29,./system/aligned-images/unknown-8/6-11.png
29,./system/aligned-images/unknown-8/6-05.png
29,./system/aligned-images/unknown-8/6-07.png
30,./system/aligned-images/unknown-9/11-02.png
30,./system/aligned-images/unknown-9/11-12.png
30,./system/aligned-images/unknown-9/11-10.png
30,./system/aligned-images/unknown-9/11-06.png
30,./system/aligned-images/unknown-9/11-13.png
30,./system/aligned-images/unknown-9/11-04.png
30,./system/aligned-images/unknown-9/11-07.png
30,./system/aligned-images/unknown-9/11-11.png
30,./system/aligned-images/unknown-9/11-03.png
30,./system/aligned-images/unknown-9/11-05.png
30,./system/aligned-images/unknown-9/11-08.png
30,./system/aligned-images/unknown-9/11-01.png
30,./system/aligned-images/unknown-9/11-09.png
30,./system/aligned-images/unknown-9/11-14.png
